{"train/global_step":1,"train/loss":0,"train/all_correct":0,"train/epoch":0.00046685340802987864,"_step":0,"train/temporal_rewards":0,"_timestamp":1.7437460939664023e+09,"train/rewards/accuracy_reward":0.03750000149011612,"train/grad_norm":2.594848924424273,"train/all_wrong":0.5,"_runtime":176.056576551,"train/learning_rate":9.999994622248336e-07,"train/reward":0.2875000238418579,"_wandb":{"runtime":244},"train/kl":0,"train/reward_std":0.3037954568862915,"train/rewards/format_reward":0.25,"train/completion_length":346}