{"train/reward_std":0.46108919382095337,"_timestamp":1.7437441143995934e+09,"train/rewards/format_reward":0.625,"train/loss":0,"train/grad_norm":5.732095440064887,"_wandb":{"runtime":276},"_step":1,"train/global_step":2,"train/learning_rate":9.999974542957676e-07,"train/kl":0.00045013427734375,"train/epoch":0.001015744032503809,"train/reward":0.7966914176940918,"train/rewards/accuracy_reward":0.17169144749641418,"train/completion_length":271.625,"_runtime":262.614882164,"train/all_wrong":0,"train/all_correct":0}