{"train/epoch":0.0026219192448872575,"_step":4,"train/reward_std":0.6736108064651489,"train/temporal_rewards":0,"train/rewards/accuracy_reward":0.17282064259052277,"train/kl":0.000881195068359375,"train/grad_norm":4.18091507141726,"train/all_correct":0,"_timestamp":1.7437473335651505e+09,"_wandb":{"runtime":1017},"train/loss":0,"train/completion_length":309.5,"train/rewards/format_reward":0.75,"train/global_step":5,"train/all_wrong":0,"train/learning_rate":9.99983038044436e-07,"train/reward":0.9228206872940063,"_runtime":994.262545793}