{"train/global_step":1,"train/epoch":0.00045351473922902497,"train/grad_norm":5.296402314735678,"train/kl":0,"_wandb":{"runtime":239},"_timestamp":1.7437451982258694e+09,"train/loss":0,"train/reward":0.2749999761581421,"train/rewards/format_reward":0.25,"train/rewards/accuracy_reward":0.02500000037252903,"train/learning_rate":9.99999492515838e-07,"train/all_correct":0,"_runtime":197.267582831,"train/temporal_rewards":0,"train/reward_std":0.328795462846756,"train/completion_length":390.5,"train/all_wrong":0.5,"_step":0}