{"train/kl":0.007354736328125,"_timestamp":1.7437265090283718e+09,"train/rewards/accuracy_reward":0.39181652665138245,"train/reward_std":0.41287994384765625,"train_loss":0.0002923875348642468,"train/learning_rate":0,"train/reward":1.4418165683746338,"train/global_step":30,"train/grad_norm":4.391621827040879,"_wandb":{"runtime":7406},"_step":30,"train/completion_length":231.125,"train_steps_per_second":0.004,"train/all_wrong":0,"train/loss":0.0003,"train/temporal_rewards":0.75,"_runtime":7391.412385245,"train/rewards/format_reward":0.9375,"total_flos":0,"train_runtime":7391.9338,"train/epoch":1,"train/all_correct":0,"train_samples_per_second":0.016}