{"train/temporal_rewards":0.5,"train/all_wrong":0.5,"train/learning_rate":9.9999826053386e-07,"train/loss":0,"_timestamp":1.7437009806297224e+09,"_wandb":{"runtime":266},"train/rewards/format_reward":0.375,"train/epoch":0.0008396305625524769,"train/kl":0,"_step":0,"train/all_correct":0,"train/grad_norm":6.908147530496282,"train/completion_length":379.375,"_runtime":265.223362404,"train/reward_std":0.7622911930084229,"train/rewards/accuracy_reward":0.1506807953119278,"train/reward":0.5631808042526245,"train/global_step":1}