{"train/epoch":0.0008396305625524769,"train/completion_length":285.375,"train/rewards/accuracy_reward":0.07500000298023224,"train/all_correct":0,"train/reward":0.32500001788139343,"train/kl":0,"_timestamp":1.743696315531241e+09,"train/all_wrong":0,"train/rewards/format_reward":0.25,"train/temporal_rewards":1,"_runtime":170.221242159,"train/reward_std":0.5188127756118774,"_wandb":{"runtime":315},"train/loss":0,"train/global_step":1,"train/grad_norm":5.9054284989867325,"_step":0,"train/learning_rate":9.9999826053386e-07}