{"train/epoch":0.0004987531172069825,"_step":0,"train/kl":0,"train/grad_norm":4.508118397693368,"_runtime":147.132700536,"train/loss":0,"train/learning_rate":9.999993862225745e-07,"train/all_wrong":0,"train/reward":0.6752607226371765,"_timestamp":1.7437455436162894e+09,"train/temporal_rewards":0,"train/rewards/accuracy_reward":0.17526070773601532,"_wandb":{"runtime":293},"train/rewards/format_reward":0.5,"train/completion_length":313.625,"train/reward_std":0.7928251028060913,"train/global_step":1,"train/all_correct":0}