{"train/epoch":0.0050335570469798654,"train/loss":0,"train/grad_norm":5.2205878984165395,"train/completion_length":268.25,"train/global_step":3,"_timestamp":1.7437028090158055e+09,"_wandb":{"runtime":858},"train/all_correct":0,"train/kl":0.00067138671875,"train/learning_rate":9.999374855097977e-07,"train/reward_std":0.5330864787101746,"train/rewards/accuracy_reward":0.2810615599155426,"train/rewards/format_reward":0.75,"train/temporal_rewards":1,"_runtime":691.765525586,"train/all_wrong":0,"train/reward":1.1685614585876465,"_step":2}